,geopolitical,macro_demand,monetary,supply_opec,technical,sentiment,cross_market
geopolitical,0.0,36.0,38.666666666666664,40.0,37.333333333333336,33.33333333333333,36.0
macro_demand,41.333333333333336,0.0,34.66666666666667,44.0,36.0,38.666666666666664,44.0
monetary,53.333333333333336,42.66666666666667,0.0,44.0,44.0,46.666666666666664,41.333333333333336
supply_opec,44.0,36.0,29.333333333333332,0.0,36.0,41.333333333333336,34.66666666666667
technical,30.666666666666664,29.333333333333332,37.333333333333336,30.666666666666664,0.0,34.66666666666667,33.33333333333333
sentiment,36.0,36.0,30.666666666666664,38.666666666666664,34.66666666666667,0.0,40.0
cross_market,26.666666666666668,38.666666666666664,36.0,40.0,33.33333333333333,41.333333333333336,0.0
