model,n,RMSE,MAE
HistMean,1285,1.5333536531383503,0.527418646248823
Ridge,1285,6.931752295933271,1.508751916045152
Lasso,1285,7.164591137045254,1.537470632003935
GBR,1285,1.6741803064821104,0.5050467485149681
RF,1285,1.5176358020442489,0.4477184078351576
